{"stats":{"minecraft:picked_up":{"irons_spellbooks:scroll":1,"minecraft:crafting_table":8,"minecraft:azure_bluet":2,"minecraft:redstone_block":1,"minecraft:cornflower":3,"minecraft:raw_copper":235,"artifacts:feral_claws":2,"handcrafted:diorite_pillar_trim":15,"minecraft:calcite":576,"minecraft:poppy":3,"minecraft:chest":1,"minecraft:sugar_cane":7,"minecraft:birch_sapling":26,"minecraft:egg":1,"minecraft:raw_iron":36,"minecraft:stick":63,"minecraft:oak_fence":1,"minecraft:torch":43,"minecraft:diorite":652,"minecraft:goat_horn":1,"minecraft:rotten_flesh":8,"beautify:lamp_candelabra_yellow":1,"farmersdelight:tree_bark":120,"furniture:wooden_planter":4,"sophisticatedbackpacks:copper_backpack":1,"minecraft:stripped_oak_log":72,"minecraft:cobblestone":1634,"minecraft:oxeye_daisy":2,"minecraft:birch_log":69,"artifacts:digging_claws":1,"minecraft:andesite":90,"biomesoplenty:goldenrod":35,"bakery:cobblestone_stove":1,"minecraft:oak_log":317,"minecraft:gunpowder":4,"minecraft:stripped_birch_log":67,"minecraft:lapis_lazuli":56,"minecraft:dirt":1877,"irons_spellbooks:iron_spell_book":1,"minecraft:apple":33,"minecraft:wheat_seeds":23,"mcwwindows:cobblestone_arrow_slit":9,"minecraft:orange_tulip":1,"minecraft:oak_planks":1,"minecraft:dandelion":7,"minecraft:gravel":16,"minecraft:grass_block":1,"handcrafted:diorite_corner_trim":2,"minecraft:polished_diorite":112,"waystones:waystone":1,"minecraft:granite":5,"minecraft:cherry_sapling":1,"minecraft:oak_sapling":99,"minecraft:coal":188,"minecraft:ender_pearl":1},"minecraft:dropped":{"minecraft:lapis_lazuli":28,"minecraft:crafting_table":1,"minecraft:cobblestone":151,"relics:infinity_ham":1,"minecraft:granite":1,"minecraft:dirt":3,"artifacts:feral_claws":2,"minecraft:raw_copper":8,"minecraft:rotten_flesh":6,"minecraft:oak_planks":1},"minecraft:broken":{"minecraft:wooden_pickaxe":1,"minecraft:stone_pickaxe":6,"vanillaplustools:stone_hammer":1,"minecraft:iron_axe":1,"minecraft:stone_axe":1,"minecraft:iron_pickaxe":1,"vanillaplustools:stone_shovel":1,"minecraft:stone_shovel":2},"minecraft:killed":{"minecraft:skeleton":1,"minecraft:drowned":1,"minecraft:creeper":3,"minecraft:zombie":7},"minecraft:custom":{"minecraft:mob_kills":12,"minecraft:interact_with_crafting_table":48,"minecraft:open_barrel":14,"minecraft:damage_dealt_resisted":189,"minecraft:leave_game":1,"minecraft:time_since_death":342316,"minecraft:climb_one_cm":6293,"minecraft:sprint_one_cm":313114,"minecraft:walk_one_cm":1247489,"minecraft:drop":17,"minecraft:talked_to_villager":2,"minecraft:play_time":342316,"minecraft:sneak_time":3734,"minecraft:walk_under_water_one_cm":1580,"minecraft:jump":1981,"minecraft:walk_on_water_one_cm":4185,"minecraft:total_world_time":342316,"minecraft:interact_with_furnace":76,"minecraft:sleep_in_bed":2,"minecraft:time_since_rest":72976,"minecraft:waystone_activated":2,"minecraft:damage_taken":1072,"minecraft:damage_dealt":2579,"minecraft:swim_one_cm":4885,"minecraft:fly_one_cm":237954,"minecraft:open_chest":171,"minecraft:crouch_one_cm":9363,"minecraft:fall_one_cm":30671},"minecraft:crafted":{"handcrafted:diorite_pillar_trim":32,"furniture:wooden_planter":3,"minecraft:smooth_stone":137,"minecraft:oak_planks":196,"minecraft:stone_shovel":21,"minecraft:cobblestone_slab":6,"minecraft:coal":63,"vanillaplustools:stone_hammer":3,"handcrafted:diorite_corner_trim":16,"minecraft:furnace":5,"minecraft:stone":354,"bakery:cobblestone_stove":1,"minecraft:raw_copper_block":35,"minecraft:polished_diorite":196,"minecraft:iron_axe":2,"minecraft:stone_pickaxe":33,"minecraft:chest":12,"gravestone:gravestone":2,"vanillaplustools:stone_shovel":2,"minecraft:coal_block":15,"minecraft:oak_slab":24,"minecraft:wooden_shovel":1,"minecraft:crafting_table":3,"minecraft:wooden_pickaxe":1,"minecraft:birch_planks":68,"minecraft:campfire":1,"minecraft:stone_axe":1,"minecraft:air":0,"mcwwindows:cobblestone_arrow_slit":9,"minecraft:emerald_block":2,"minecraft:stick":112,"minecraft:iron_ingot":35,"minecraft:wooden_axe":1,"minecraft:iron_block":10,"minecraft:stone_sword":1,"minecraft:torch":112,"minecraft:polished_diorite_stairs":36},"minecraft:used":{"minecraft:oak_fence":1,"beautify:lamp_candelabra_yellow":1,"minecraft:stone_sword":72,"minecraft:stone_shovel":274,"minecraft:chest":10,"minecraft:stone":211,"vanillaplustools:stone_hammer":241,"minecraft:wooden_shovel":23,"minecraft:torch":125,"minecraft:dirt":533,"handcrafted:diorite_corner_trim":2,"minecraft:polished_diorite":151,"mcwwindows:cobblestone_arrow_slit":9,"minecraft:wooden_axe":41,"minecraft:iron_axe":180,"furniture:wooden_planter":4,"minecraft:written_book":1,"minecraft:goat_horn":4,"minecraft:furnace":5,"minecraft:oak_sapling":8,"minecraft:polished_diorite_stairs":12,"minecraft:egg":1,"handcrafted:diorite_pillar_trim":39,"bakery:cobblestone_stove":1,"gravestone:gravestone":2,"minecraft:calcite":207,"minecraft:diorite":200,"minecraft:stripped_birch_log":6,"minecraft:stone_pickaxe":849,"minecraft:oak_planks":1,"minecraft:wooden_pickaxe":59,"minecraft:redstone_block":1,"biomesoplenty:goldenrod":1,"minecraft:crafting_table":9,"vanillaplustools:stone_shovel":243,"minecraft:oak_log":20,"waystones:waystone":1,"minecraft:apple":6,"minecraft:iron_pickaxe":396,"minecraft:stone_axe":133,"minecraft:cobblestone":472,"minecraft:potion":1,"minecraft:birch_log":10,"minecraft:andesite":2,"minecraft:stripped_oak_log":11},"minecraft:mined":{"bakery:cobblestone_stove":1,"handcrafted:diorite_corner_trim":2,"handcrafted:diorite_pillar_trim":15,"minecraft:stripped_birch_log":3,"furniture:wooden_planter":4,"minecraft:granite":4,"gravestone:gravestone":2,"biomesoplenty:bush":1,"minecraft:grass_block":1380,"beautify:lamp_candelabra_yellow":1,"minecraft:polished_diorite":113,"minecraft:oxeye_daisy":3,"minecraft:iron_ore":36,"minecraft:andesite":85,"treechop:chopped_log":40,"minecraft:azure_bluet":2,"minecraft:dirt_path":5,"minecraft:stripped_oak_log":16,"biomesoplenty:barley":5,"minecraft:stone":1381,"minecraft:redstone_block":1,"mcwwindows:cobblestone_arrow_slit":9,"minecraft:dandelion":7,"minecraft:oak_fence":1,"minecraft:crafting_table":7,"minecraft:cornflower":3,"minecraft:torch":6,"minecraft:calcite":579,"minecraft:poppy":3,"minecraft:chest":1,"minecraft:cobblestone":143,"minecraft:copper_ore":68,"minecraft:lapis_ore":5,"minecraft:oak_planks":1,"minecraft:sugar_cane":3,"minecraft:diorite":481,"minecraft:wall_torch":3,"biomesoplenty:goldenrod":35,"minecraft:birch_log":7,"minecraft:orange_tulip":1,"minecraft:grass":80,"minecraft:oak_log":10,"minecraft:coal_ore":187,"minecraft:gravel":13,"minecraft:dirt":531,"minecraft:oak_leaves":21}},"DataVersion":3465}