{"stats":{"minecraft:broken":{"minecraft:wooden_pickaxe":1,"minecraft:stone_pickaxe":6,"vanillaplustools:stone_hammer":1,"minecraft:iron_axe":1,"minecraft:stone_axe":1,"minecraft:iron_pickaxe":2,"vanillaplustools:stone_shovel":1,"minecraft:stone_shovel":2},"minecraft:custom":{"minecraft:mob_kills":16,"minecraft:interact_with_crafting_table":55,"minecraft:open_barrel":26,"minecraft:bell_ring":2,"minecraft:damage_dealt_resisted":189,"minecraft:leave_game":2,"minecraft:time_since_death":95495,"minecraft:climb_one_cm":8762,"minecraft:sprint_one_cm":675549,"minecraft:walk_one_cm":1855632,"minecraft:drop":27,"minecraft:talked_to_villager":2,"minecraft:boat_one_cm":321498,"minecraft:play_time":540321,"minecraft:deaths":1,"minecraft:sneak_time":8316,"minecraft:walk_under_water_one_cm":2426,"minecraft:jump":3711,"minecraft:walk_on_water_one_cm":9038,"minecraft:total_world_time":540321,"minecraft:interact_with_furnace":92,"minecraft:interact_with_stonecutter":4,"minecraft:sleep_in_bed":3,"minecraft:time_since_rest":64785,"minecraft:waystone_activated":4,"minecraft:damage_taken":1808,"minecraft:damage_dealt":3474,"minecraft:swim_one_cm":17256,"minecraft:fly_one_cm":516099,"minecraft:open_chest":251,"minecraft:crouch_one_cm":16773,"minecraft:fall_one_cm":62535,"minecraft:inspect_dispenser":1},"minecraft:used":{"redeco:oak_plank_fence":40,"minecraft:oak_fence":4,"beautify:lamp_candelabra_yellow":1,"minecraft:stone_sword":164,"minecraft:acacia_log":4,"fairylights:hanging_lights":4,"minecraft:stone_shovel":274,"minecraft:chest":10,"minecraft:stone":211,"vanillaplustools:stone_hammer":264,"minecraft:wooden_shovel":23,"refurbished_furniture:oak_lattice_fence":1,"minecraft:torch":130,"minecraft:dirt":739,"handcrafted:diorite_corner_trim":2,"furniture:bin":1,"minecraft:polished_diorite":153,"beautify:oak_trellis":1,"mcwwindows:cobblestone_arrow_slit":9,"minecraft:wooden_axe":41,"minecraft:lantern":1,"biomesoplenty:redwood_wood":17,"minecraft:iron_axe":357,"minecraft:basalt":1,"biomesoplenty:jacaranda_sapling":2,"redeco:dark_oak_plank_fence":1,"furniture:wooden_planter":7,"minecraft:written_book":1,"minecraft:oak_sapling":8,"minecraft:goat_horn":5,"minecraft:furnace":5,"minecraft:polished_diorite_stairs":12,"refurbished_furniture:oak_hedge":2,"minecraft:egg":2,"handcrafted:diorite_pillar_trim":39,"bakery:cobblestone_stove":2,"gravestone:gravestone":2,"minecraft:calcite":250,"minecraft:diorite":200,"minecraft:stripped_birch_log":73,"minecraft:stone_pickaxe":849,"minecraft:oak_planks":1,"minecraft:wooden_pickaxe":59,"beautify:botanist_workbench":1,"beautify:hanging_pot":2,"minecraft:redstone_block":1,"minecraft:stonecutter":1,"minecraft:oak_leaves":40,"create:cut_calcite_bricks":91,"biomesoplenty:goldenrod":1,"minecraft:crafting_table":9,"vanillaplustools:stone_shovel":243,"minecraft:shears":191,"refurbished_furniture:oak_lattice_fence_gate":1,"minecraft:oak_log":86,"waystones:waystone":1,"minecraft:flower_pot":1,"minecraft:apple":6,"biomesoplenty:pink_daffodil":4,"minecraft:bread":1,"minecraft:iron_pickaxe":508,"minecraft:stone_axe":133,"minecraft:cobblestone":472,"minecraft:potion":1,"minecraft:andesite":2,"minecraft:birch_log":73,"minecraft:oak_boat":4,"redeco:acacia_lattice":2,"minecraft:stripped_oak_log":74,"minecraft:dandelion":1,"minecraft:smooth_stone":101},"minecraft:picked_up":{"irons_spellbooks:scroll":1,"minecraft:wheat":2,"beautify:oak_trellis":1,"minecraft:crafting_table":8,"minecraft:allium":20,"minecraft:azure_bluet":2,"refurbished_furniture:oak_lattice_fence_gate":1,"minecraft:redstone_block":1,"minecraft:flower_pot":1,"biomesoplenty:stripped_redwood_wood":1,"biomesoplenty:violet":6,"biomesoplenty:jacaranda_sapling":7,"redeco:oak_plank_fence":1,"irons_spellbooks:graybeard_staff":1,"minecraft:cornflower":3,"refurbished_furniture:oak_hedge":2,"minecraft:raw_copper":235,"artifacts:feral_claws":2,"biomesoplenty:tall_lavender":17,"redeco:dark_oak_plank_fence":1,"handcrafted:diorite_pillar_trim":15,"biomesoplenty:black_sand":1,"minecraft:smooth_stone":17,"minecraft:oak_boat":3,"refurbished_furniture:oak_lattice_fence":1,"minecraft:calcite":630,"biomesoplenty:wildflower":6,"minecraft:poppy":3,"minecraft:iron_pickaxe":1,"biomesoplenty:redwood_wood":332,"minecraft:sugar_cane":7,"minecraft:chest":1,"minecraft:birch_sapling":26,"minecraft:egg":5,"minecraft:stick":87,"minecraft:raw_iron":58,"minecraft:oak_fence":4,"minecraft:torch":74,"minecraft:acacia_log":4,"minecraft:diorite":698,"minecraft:goat_horn":1,"minecraft:hay_block":1,"minecraft:rotten_flesh":8,"beautify:lamp_candelabra_yellow":1,"biomesoplenty:jacaranda_log":27,"beautify:botanist_workbench":1,"farmersdelight:tree_bark":120,"redeco:acacia_lattice":2,"furniture:wooden_planter":7,"furniture:bin":1,"create:cut_calcite_bricks":9,"sophisticatedbackpacks:copper_backpack":2,"biomesoplenty:redwood_sapling":31,"biomesoplenty:lavender":62,"minecraft:cobblestone":1739,"minecraft:oxeye_daisy":2,"minecraft:stripped_oak_log":96,"minecraft:birch_log":93,"minecraft:basalt":1,"artifacts:digging_claws":2,"fairylights:hanging_lights":2,"minecraft:andesite":92,"biomesoplenty:goldenrod":35,"bakery:cobblestone_stove":2,"minecraft:oak_log":366,"minecraft:gunpowder":4,"minecraft:dirt":2245,"minecraft:lapis_lazuli":56,"minecraft:stripped_birch_log":89,"minecraft:lantern":1,"minecraft:bone":6,"irons_spellbooks:iron_spell_book":2,"minecraft:apple":33,"minecraft:orange_tulip":1,"minecraft:wheat_seeds":33,"mcwwindows:cobblestone_arrow_slit":9,"minecraft:oak_planks":47,"beautify:hanging_pot":2,"relics:hunter_belt":1,"minecraft:dandelion":8,"minecraft:gravel":16,"minecraft:grass_block":1,"handcrafted:diorite_corner_trim":2,"vinery:apple_leaves":59,"minecraft:polished_diorite":134,"waystones:waystone":1,"minecraft:granite":5,"minecraft:cherry_sapling":1,"minecraft:bread":43,"biomesoplenty:pink_daffodil":4,"minecraft:oak_sapling":101,"minecraft:coal":188,"minecraft:oak_leaves":129,"minecraft:sunflower":1,"minecraft:ender_pearl":1},"minecraft:killed":{"minecraft:skeleton":1,"minecraft:drowned":1,"minecraft:creeper":3,"minecraft:zombie":10},"minecraft:crafted":{"handcrafted:diorite_pillar_trim":32,"furniture:wooden_planter":3,"minecraft:smooth_stone":137,"minecraft:oak_planks":324,"minecraft:stone_shovel":21,"minecraft:cobblestone_slab":6,"minecraft:coal":63,"vanillaplustools:stone_hammer":3,"handcrafted:diorite_corner_trim":16,"minecraft:furnace":5,"minecraft:stone":364,"redeco:oak_plank_fence":44,"bakery:cobblestone_stove":1,"minecraft:raw_copper_block":35,"minecraft:polished_diorite":196,"minecraft:iron_axe":2,"minecraft:stone_pickaxe":33,"minecraft:chest":12,"gravestone:gravestone":2,"vanillaplustools:stone_shovel":2,"minecraft:wheat":9,"beautify:botanist_workbench":1,"minecraft:coal_block":15,"minecraft:oak_slab":24,"minecraft:wooden_shovel":1,"vinery:grapevine_stem":16,"minecraft:crafting_table":3,"minecraft:acacia_slab":54,"create:cut_calcite_bricks":1,"minecraft:wooden_pickaxe":1,"minecraft:birch_planks":68,"minecraft:campfire":1,"minecraft:stone_axe":1,"minecraft:air":0,"mcwwindows:cobblestone_arrow_slit":9,"minecraft:oak_boat":2,"minecraft:emerald_block":2,"minecraft:stick":176,"minecraft:iron_ingot":48,"minecraft:wooden_axe":1,"minecraft:stone_sword":1,"minecraft:iron_block":10,"minecraft:gold_ingot":2,"minecraft:stonecutter":1,"redeco:acacia_lattice":40,"minecraft:acacia_planks":56,"minecraft:torch":112,"minecraft:polished_diorite_stairs":36,"minecraft:shears":1},"minecraft:mined":{"beautify:botanist_workbench":1,"bakery:cobblestone_stove":2,"minecraft:farmland":2,"handcrafted:diorite_corner_trim":2,"handcrafted:diorite_pillar_trim":15,"redeco:acacia_lattice":2,"create:cut_calcite_bricks":9,"minecraft:stripped_birch_log":25,"furniture:wooden_planter":7,"minecraft:allium":20,"gravestone:gravestone":3,"minecraft:granite":4,"biomesoplenty:bush":2,"minecraft:acacia_log":4,"minecraft:grass_block":1430,"refurbished_furniture:oak_lattice_fence":1,"furniture:bin":1,"beautify:lamp_candelabra_yellow":1,"minecraft:polished_diorite":135,"minecraft:oxeye_daisy":3,"redeco:oak_plank_fence":1,"minecraft:hay_block":1,"minecraft:smooth_stone":17,"biomesoplenty:tall_lavender":17,"minecraft:iron_ore":58,"biomesoplenty:lavender":61,"biomesoplenty:violet":6,"minecraft:andesite":86,"treechop:chopped_log":43,"minecraft:azure_bluet":2,"redeco:dark_oak_plank_fence":1,"biomesoplenty:high_grass":33,"minecraft:dirt_path":5,"refurbished_furniture:oak_lattice_fence_gate":1,"minecraft:stripped_oak_log":40,"biomesoplenty:barley":5,"minecraft:stone":1439,"minecraft:redstone_block":1,"mcwwindows:cobblestone_arrow_slit":9,"biomesoplenty:wildflower":6,"minecraft:basalt":1,"biomesoplenty:black_sand":1,"minecraft:dandelion":7,"minecraft:oak_fence":4,"minecraft:crafting_table":7,"minecraft:cornflower":3,"minecraft:torch":7,"beautify:hanging_pot":2,"minecraft:calcite":633,"minecraft:poppy":4,"minecraft:chest":1,"beautify:oak_trellis":1,"minecraft:tall_grass":4,"biomesoplenty:high_grass_plant":44,"minecraft:copper_ore":68,"minecraft:cobblestone":190,"minecraft:lapis_ore":5,"minecraft:sugar_cane":3,"minecraft:oak_planks":1,"minecraft:diorite":527,"minecraft:wall_torch":3,"biomesoplenty:goldenrod":35,"refurbished_furniture:oak_hedge":2,"minecraft:birch_log":31,"biomesoplenty:pink_daffodil":4,"minecraft:orange_tulip":1,"minecraft:grass":108,"minecraft:oak_log":31,"minecraft:coal_ore":187,"biomesoplenty:fir_leaves":3,"minecraft:flower_pot":1,"minecraft:gravel":13,"minecraft:dirt":589,"biomesoplenty:stripped_redwood_wood":1,"vinery:apple_leaves":59,"biomesoplenty:redwood_wood":5,"minecraft:oak_leaves":165},"minecraft:killed_by":{"minecraft:skeleton":1},"minecraft:dropped":{"minecraft:lapis_lazuli":28,"minecraft:oak_log":14,"minecraft:crafting_table":1,"minecraft:cobblestone":151,"relics:infinity_ham":1,"minecraft:granite":1,"minecraft:dirt":196,"minecraft:torch":29,"artifacts:feral_claws":2,"minecraft:bone":2,"minecraft:raw_copper":8,"irons_spellbooks:graybeard_staff":1,"minecraft:rotten_flesh":6,"minecraft:oak_planks":1,"minecraft:oak_sapling":1,"minecraft:egg":1}},"DataVersion":3465}