{"stats":{"minecraft:picked_up":{"minecraft:crafting_table":3,"minecraft:wheat":1,"minecraft:smithing_table":1,"minecraft:lead":1,"minecraft:enchanted_book":1,"minecraft:raw_copper":104,"minecraft:string":4,"minecraft:acacia_door":1,"artifacts:feral_claws":2,"minecraft:calcite":9,"minecraft:birch_sapling":41,"irons_spellbooks:inscription_table":1,"minecraft:egg":3,"minecraft:stick":116,"minecraft:raw_iron":69,"minecraft:oak_fence":1,"minecraft:torch":2,"minecraft:acacia_log":24,"farmersdelight:tomato_seeds":1,"minecraft:diorite":195,"minecraft:stone_sword":1,"minecraft:arrow":6,"minecraft:rotten_flesh":8,"minecraft:gold_ingot":3,"minecraft:leather_horse_armor":1,"minecraft:mutton":1,"minecraft:white_wool":8,"minecraft:cobblestone":569,"minecraft:birch_log":89,"minecraft:feather":2,"minecraft:birch_slab":6,"minecraft:andesite":73,"minecraft:leather":12,"minecraft:oak_log":210,"minecraft:lapis_lazuli":28,"minecraft:dirt":9,"irons_spellbooks:iron_spell_book":1,"minecraft:bone":5,"minecraft:apple":13,"minecraft:orange_tulip":1,"minecraft:wheat_seeds":3,"minecraft:iron_ingot":6,"minecraft:cobweb":25,"relics:infinity_ham":1,"minecraft:acacia_sapling":12,"minecraft:book":5,"slashblade:proudsoul_tiny":2,"minecraft:oak_pressure_plate":1,"minecraft:gravel":3,"minecraft:barrel":1,"minecraft:spider_eye":2,"minecraft:slime_ball":3,"minecraft:granite":24,"minecraft:painting":1,"minecraft:emerald":3,"minecraft:oak_sapling":101,"minecraft:black_wool":1,"minecraft:coal":80},"minecraft:dropped":{"minecraft:oak_fence":1,"minecraft:cobblestone":64,"minecraft:birch_slab":3,"minecraft:stick":4,"irons_spellbooks:scroll":1,"minecraft:dirt":5,"minecraft:birch_fence":1,"minecraft:diorite":171,"minecraft:torch":8,"artifacts:feral_claws":2,"artifacts:digging_claws":1,"minecraft:goat_horn":1,"irons_spellbooks:iron_spell_book":1,"minecraft:arrow":2},"minecraft:broken":{"minecraft:wooden_pickaxe":1,"minecraft:stone_pickaxe":3,"minecraft:stone_axe":2,"slashblade:slashblade_wood":4},"minecraft:killed_by":{"minecraft:creeper":1,"mowziesmobs:umvuthana_raptor":1},"minecraft:killed":{"minecraft:spider":2,"minecraft:skeleton":7,"minecraft:fox":1,"minecraft:cat":2,"minecraft:pig":1,"minecraft:zombie_villager":1,"mowziesmobs:umvuthana_follower_raptor":2,"minecraft:sheep":1,"minecraft:zombie":6},"minecraft:crafted":{"minecraft:wooden_sword":4,"minecraft:oak_planks":16,"minecraft:stone_shovel":1,"vanillaplustools:stone_hammer":1,"minecraft:iron_nugget":18,"irons_spellbooks:iron_spell_book":2,"minecraft:chain":6,"minecraft:birch_slab":6,"slashblade:slashblade_wood":4,"irons_spellbooks:graybeard_staff":1,"minecraft:iron_bars":16,"minecraft:stone_pickaxe":12,"minecraft:chest":3,"minecraft:wooden_shovel":1,"sophisticatedbackpacks:backpack":1,"minecraft:crafting_table":6,"minecraft:wooden_pickaxe":1,"minecraft:copper_ingot":15,"minecraft:birch_planks":52,"minecraft:stone_axe":2,"minecraft:air":0,"farmersdelight:cutting_board":1,"portablemobs:basic_capture_cell":1,"minecraft:paper":3,"minecraft:birch_fence":3,"minecraft:stick":32,"minecraft:iron_ingot":74,"minecraft:wooden_axe":1,"irons_spellbooks:inscription_table":1,"minecraft:acacia_planks":28,"minecraft:torch":60,"minecraft:shears":1},"minecraft:custom":{"minecraft:interact_with_smithing_table":3,"minecraft:mob_kills":24,"minecraft:interact_with_crafting_table":39,"minecraft:open_barrel":8,"minecraft:damage_dealt_resisted":200,"minecraft:leave_game":5,"minecraft:time_since_death":36688,"minecraft:climb_one_cm":1044,"minecraft:sprint_one_cm":429310,"minecraft:walk_one_cm":952938,"minecraft:drop":19,"minecraft:damage_dealt_absorbed":80,"minecraft:talked_to_villager":7,"minecraft:play_time":316457,"minecraft:deaths":2,"minecraft:sneak_time":3207,"minecraft:walk_under_water_one_cm":4416,"minecraft:interact_with_lectern":2,"minecraft:jump":1793,"minecraft:walk_on_water_one_cm":13674,"minecraft:total_world_time":316457,"minecraft:interact_with_furnace":20,"minecraft:interact_with_loom":1,"minecraft:sleep_in_bed":2,"minecraft:time_since_rest":36724,"minecraft:waystone_activated":2,"minecraft:damage_taken":2305,"minecraft:damage_dealt":3382,"minecraft:swim_one_cm":1760,"minecraft:fly_one_cm":194241,"minecraft:open_chest":123,"minecraft:crouch_one_cm":25864,"minecraft:interact_with_smoker":1,"minecraft:fall_one_cm":38127,"minecraft:horse_one_cm":309811},"minecraft:used":{"irons_spellbooks:inscription_table":2,"minecraft:stone_shovel":3,"minecraft:chest":1,"vanillaplustools:stone_hammer":73,"minecraft:torch":49,"minecraft:dirt":1,"farmersdelight:flint_knife":16,"minecraft:wooden_axe":47,"minecraft:barrel":1,"farmersdelight:cutting_board":1,"minecraft:written_book":1,"minecraft:goat_horn":8,"slashblade:slashblade_wood":251,"minecraft:leather_leggings":1,"minecraft:stone_pickaxe":389,"minecraft:oak_planks":4,"minecraft:leather_chestplate":1,"minecraft:wooden_pickaxe":59,"beautify:hanging_pot":1,"minecraft:leather_boots":1,"minecraft:crafting_table":8,"minecraft:shears":25,"relics:horse_flute":17,"minecraft:apple":2,"minecraft:acacia_door":1,"minecraft:leather_helmet":1,"minecraft:gravel":3,"minecraft:stone_axe":265,"minecraft:cobblestone":42,"minecraft:smithing_table":1,"minecraft:andesite":3},"minecraft:mined":{"gravestone:gravestone":2,"minecraft:granite":27,"minecraft:grass_block":6,"minecraft:oak_pressure_plate":1,"minecraft:iron_ore":69,"minecraft:barrel":1,"minecraft:andesite":83,"treechop:chopped_log":48,"irons_spellbooks:inscription_table":1,"minecraft:stone":549,"minecraft:white_wool":8,"minecraft:smithing_table":1,"minecraft:crafting_table":3,"minecraft:calcite":9,"minecraft:tall_grass":1,"minecraft:copper_ore":31,"minecraft:lapis_ore":3,"farmersdelight:wild_tomatoes":1,"minecraft:diorite":198,"minecraft:orange_tulip":1,"minecraft:grass":21,"minecraft:coal_ore":82,"minecraft:gravel":3,"minecraft:acacia_door":1,"minecraft:dirt":5,"minecraft:cobweb":25,"minecraft:oak_leaves":1,"minecraft:infested_stone":1}},"DataVersion":3465}