{"stats":{"minecraft:broken":{"minecraft:wooden_pickaxe":1,"minecraft:stone_pickaxe":3,"vanillaplustools:stone_hammer":3,"minecraft:stone_axe":2,"slashblade:slashblade_wood":4},"minecraft:custom":{"minecraft:interact_with_smithing_table":3,"minecraft:mob_kills":25,"minecraft:interact_with_crafting_table":70,"minecraft:open_barrel":16,"goblintraders:trade_with_goblin":45,"minecraft:damage_dealt_resisted":200,"minecraft:leave_game":6,"minecraft:time_since_death":234235,"minecraft:climb_one_cm":1044,"minecraft:sprint_one_cm":543547,"minecraft:walk_one_cm":1337802,"minecraft:drop":33,"minecraft:damage_dealt_absorbed":80,"minecraft:talked_to_villager":14,"minecraft:play_time":514004,"minecraft:deaths":2,"minecraft:sneak_time":3223,"minecraft:walk_under_water_one_cm":8289,"minecraft:boat_one_cm":135659,"minecraft:interact_with_lectern":2,"minecraft:jump":2784,"minecraft:walk_on_water_one_cm":13908,"minecraft:total_world_time":514004,"minecraft:interact_with_furnace":30,"minecraft:interact_with_loom":1,"minecraft:sleep_in_bed":3,"minecraft:time_since_rest":33464,"minecraft:waystone_activated":3,"minecraft:damage_taken":2539,"minecraft:damage_dealt":3382,"minecraft:swim_one_cm":2018,"minecraft:fly_one_cm":277389,"minecraft:open_chest":226,"minecraft:crouch_one_cm":25883,"minecraft:interact_with_smoker":2,"minecraft:fall_one_cm":46635,"minecraft:horse_one_cm":309811},"minecraft:used":{"irons_spellbooks:inscription_table":2,"minecraft:stone_shovel":7,"minecraft:chest":3,"vanillaplustools:stone_hammer":500,"minecraft:torch":67,"minecraft:dirt":1,"farmersdelight:flint_knife":16,"minecraft:tuff":69,"minecraft:granite":3,"minecraft:wooden_axe":47,"minecraft:barrel":1,"farmersdelight:cutting_board":1,"minecraft:written_book":1,"minecraft:goat_horn":8,"slashblade:slashblade_wood":251,"minecraft:cobbled_deepslate":66,"minecraft:leather_leggings":1,"minecraft:stone_pickaxe":430,"minecraft:oak_planks":4,"minecraft:wooden_pickaxe":59,"minecraft:leather_chestplate":1,"beautify:hanging_pot":1,"minecraft:leather_boots":1,"minecraft:crafting_table":9,"minecraft:shears":25,"relics:horse_flute":17,"waystones:waystone":1,"minecraft:apple":2,"minecraft:acacia_door":1,"minecraft:iron_pickaxe":103,"minecraft:leather_helmet":1,"minecraft:gravel":3,"minecraft:stone_axe":265,"minecraft:cobblestone":141,"minecraft:smithing_table":1,"minecraft:andesite":3,"minecraft:oak_boat":3},"minecraft:picked_up":{"minecraft:crafting_table":3,"minecraft:wheat":1,"minecraft:smithing_table":1,"minecraft:lead":1,"minecraft:enchanted_book":1,"irons_spellbooks:graybeard_staff":1,"minecraft:raw_copper":146,"minecraft:string":4,"minecraft:acacia_door":1,"artifacts:feral_claws":2,"minecraft:cobbled_deepslate":564,"minecraft:oak_boat":3,"minecraft:calcite":9,"minecraft:birch_sapling":41,"irons_spellbooks:inscription_table":1,"minecraft:egg":3,"minecraft:stick":122,"minecraft:raw_iron":82,"minecraft:oak_fence":1,"minecraft:torch":4,"minecraft:acacia_log":24,"farmersdelight:tomato_seeds":1,"minecraft:diorite":357,"minecraft:redstone":84,"minecraft:stone_sword":1,"minecraft:arrow":6,"minecraft:rotten_flesh":8,"minecraft:gold_ingot":3,"minecraft:leather_horse_armor":1,"minecraft:mutton":1,"minecraft:white_wool":8,"minecraft:cobblestone":1099,"minecraft:birch_log":89,"minecraft:feather":2,"minecraft:birch_slab":6,"minecraft:andesite":135,"minecraft:leather":12,"minecraft:tuff":1693,"create:raw_zinc":42,"minecraft:oak_log":210,"minecraft:lapis_lazuli":73,"minecraft:dirt":35,"irons_spellbooks:iron_spell_book":1,"minecraft:bone":5,"minecraft:apple":13,"minecraft:wheat_seeds":4,"minecraft:orange_tulip":1,"minecraft:raw_gold":9,"minecraft:iron_ingot":6,"minecraft:cobweb":25,"relics:infinity_ham":1,"minecraft:oak_planks":3,"minecraft:acacia_sapling":12,"minecraft:book":5,"slashblade:proudsoul_tiny":2,"minecraft:oak_pressure_plate":1,"minecraft:gravel":3,"minecraft:barrel":1,"minecraft:spider_eye":2,"minecraft:diamond":11,"minecraft:slime_ball":3,"waystones:waystone":1,"vanillaplustools:stone_hammer":1,"minecraft:granite":27,"minecraft:painting":1,"minecraft:emerald":3,"minecraft:oak_sapling":101,"minecraft:black_wool":1,"minecraft:coal":94},"minecraft:killed":{"minecraft:spider":2,"minecraft:skeleton":7,"minecraft:fox":1,"minecraft:cat":2,"minecraft:pig":1,"minecraft:zombie_villager":1,"mowziesmobs:umvuthana_follower_raptor":2,"minecraft:sheep":1,"minecraft:zombie":6,"minecraft:villager":1},"minecraft:crafted":{"minecraft:wooden_sword":4,"minecraft:oak_planks":72,"minecraft:stone_shovel":1,"vanillaplustools:stone_hammer":4,"minecraft:iron_nugget":90,"irons_spellbooks:iron_spell_book":2,"minecraft:chain":6,"minecraft:birch_slab":6,"minecraft:stone":16,"slashblade:slashblade_wood":4,"irons_spellbooks:graybeard_staff":1,"minecraft:cracked_stone_bricks":16,"minecraft:diamond_block":1,"minecraft:iron_bars":16,"explorerscompass:explorerscompass":1,"minecraft:stone_pickaxe":40,"minecraft:chest":5,"minecraft:redstone_block":9,"minecraft:stone_bricks":16,"sophisticatedbackpacks:iron_backpack":1,"create:andesite_alloy":32,"minecraft:wooden_shovel":1,"minecraft:emerald":9,"sophisticatedbackpacks:backpack":1,"minecraft:crafting_table":6,"minecraft:wooden_pickaxe":1,"minecraft:copper_ingot":57,"minecraft:birch_planks":52,"minecraft:stone_axe":2,"minecraft:air":0,"farmersdelight:cutting_board":1,"minecraft:oak_boat":5,"minecraft:paper":43,"portablemobs:basic_capture_cell":1,"minecraft:emerald_block":2,"minecraft:diamond_pickaxe":1,"minecraft:birch_fence":3,"minecraft:stick":56,"minecraft:compass":1,"minecraft:iron_ingot":118,"minecraft:wooden_axe":1,"minecraft:gold_ingot":6,"irons_spellbooks:inscription_table":1,"minecraft:acacia_planks":28,"minecraft:torch":76,"create:zinc_ingot":4,"minecraft:shears":1,"minecraft:lapis_block":11},"minecraft:mined":{"create:zinc_ore":25,"create:deepslate_zinc_ore":17,"minecraft:tuff":1699,"minecraft:deepslate_diamond_ore":11,"gravestone:gravestone":2,"minecraft:granite":30,"minecraft:grass_block":6,"minecraft:oak_pressure_plate":1,"minecraft:cobbled_deepslate":2,"minecraft:iron_ore":69,"minecraft:barrel":1,"minecraft:andesite":145,"treechop:chopped_log":48,"minecraft:deepslate_iron_ore":13,"irons_spellbooks:inscription_table":1,"minecraft:stone":1030,"minecraft:white_wool":8,"minecraft:smithing_table":1,"minecraft:deepslate_redstone_ore":19,"minecraft:crafting_table":3,"minecraft:calcite":9,"minecraft:cobblestone":35,"minecraft:tall_grass":1,"minecraft:copper_ore":37,"minecraft:deepslate_gold_ore":5,"minecraft:lapis_ore":9,"farmersdelight:wild_tomatoes":1,"minecraft:diorite":315,"minecraft:wall_torch":2,"minecraft:orange_tulip":1,"minecraft:grass":21,"minecraft:coal_ore":96,"minecraft:gravel":3,"minecraft:acacia_door":1,"minecraft:dirt":31,"minecraft:cobweb":25,"minecraft:gold_ore":4,"minecraft:oak_leaves":1,"minecraft:deepslate":638,"minecraft:infested_stone":1},"minecraft:killed_by":{"minecraft:creeper":1,"mowziesmobs:umvuthana_raptor":1},"minecraft:dropped":{"minecraft:wheat_seeds":2,"minecraft:oak_fence":1,"minecraft:cobblestone":64,"minecraft:birch_slab":3,"minecraft:stick":4,"irons_spellbooks:scroll":1,"minecraft:dirt":31,"minecraft:birch_fence":1,"minecraft:diorite":220,"minecraft:torch":8,"artifacts:feral_claws":2,"artifacts:digging_claws":1,"minecraft:goat_horn":1,"minecraft:cobbled_deepslate":164,"minecraft:tuff":7,"irons_spellbooks:graybeard_staff":1,"minecraft:oak_planks":3,"minecraft:oak_boat":1,"minecraft:oak_sapling":43,"vanillaplustools:stone_hammer":1,"irons_spellbooks:iron_spell_book":1,"minecraft:arrow":2}},"DataVersion":3465}